id,first_name,last_name,email,gender,ip_address
1,Pennie,Tschierse,ptschierse0@earthlink.net,Female,121.80.212.14
2,Ellene,Fooks,efooks1@live.com,Female,227.101.232.42
3,Broddie,Tibbs,btibbs2@bluehost.com,Male,14.169.121.249
4,Dell,Fergusson,dfergusson3@google.com.br,Male,190.132.149.247
5,Hilliary,Avramovic,havramovic4@dmoz.org,Female,60.85.207.74
6,Sacha,Izak,sizak5@qq.com,Female,75.76.3.159
7,Andriette,Darnody,adarnody6@miibeian.gov.cn,Female,50.100.182.219
8,Wynn,Winchcomb,wwinchcomb7@cocolog-nifty.com,Female,7.70.74.228
9,Daryn,Binton,dbinton8@berkeley.edu,Female,210.230.122.168
10,Nydia,Checo,ncheco9@plala.or.jp,Female,26.175.177.116
11,Nelson,Breznovic,nbreznovica@aboutads.info,Male,96.4.156.158
12,Alastair,Challiner,achallinerb@paginegialle.it,Male,223.172.33.254
13,Obediah,Bromby,obrombyc@amazon.com,Male,75.27.89.125
14,Tally,Olivazzi,tolivazzid@wordpress.com,Male,156.244.204.113
15,Guinna,Theobalds,gtheobaldse@cnet.com,Female,29.41.195.139
16,Ula,Da Costa,udacostaf@washingtonpost.com,Female,16.115.7.155
17,Conway,Jouannisson,cjouannissong@ifeng.com,Male,179.123.199.240
18,Merrie,Rubke,mrubkeh@census.gov,Female,245.146.123.240
19,Shalom,Kyttor,skyttori@timesonline.co.uk,Male,1.36.212.62
20,Melloney,Noquet,mnoquetj@nyu.edu,Female,114.67.154.195
21,Thadeus,Emmins,temminsk@bloomberg.com,Male,129.105.105.54
22,Cati,D'Alessandro,cdalessandrol@homestead.com,Female,74.60.208.119
23,Nolly,Hegerty,nhegertym@scribd.com,Male,218.254.205.247
24,Matthieu,Cassin,mcassinn@ed.gov,Male,54.50.75.146
25,Curt,Goddman,cgoddmano@google.cn,Male,108.138.53.148
26,Ernst,Martine,emartinep@sitemeter.com,Male,43.216.5.209
27,Swen,Franklyn,sfranklynq@google.fr,Male,137.213.30.181
28,Nero,Walling,nwallingr@jigsy.com,Male,148.47.61.56
29,Dru,Rowland,drowlands@fotki.com,Female,86.206.176.182
30,Cherilynn,Cockle,ccocklet@cam.ac.uk,Female,152.250.220.158
31,Ignacio,Linham,ilinhamu@deliciousdays.com,Male,81.153.87.205
32,George,Wayte,gwaytev@i2i.jp,Male,213.125.27.2
33,Marijn,Stubbings,mstubbingsw@nih.gov,Male,67.181.137.220
34,Base,Stambridge,bstambridgex@kickstarter.com,Male,194.186.19.31
35,Rhianna,Rosoman,rrosomany@topsy.com,Female,221.22.29.118
36,Dorette,Gilling,dgillingz@auda.org.au,Non-binary,175.76.146.70
37,Tristam,MacAllen,tmacallen10@businesswire.com,Male,193.215.233.140
38,De witt,Merwede,dmerwede11@github.com,Male,249.55.8.68
39,Darb,McCandie,dmccandie12@cbsnews.com,Female,5.122.31.163
40,Mac,Surgeon,msurgeon13@indiegogo.com,Male,209.213.196.184
41,Cordy,Richens,crichens14@jigsy.com,Female,252.69.215.221
42,Lira,Cranmore,lcranmore15@feedburner.com,Female,240.11.95.232
43,Zuzana,Widdop,zwiddop16@reverbnation.com,Female,39.189.81.4
44,Martelle,Wressell,mwressell17@indiegogo.com,Female,36.243.192.18
45,Burty,Cayette,bcayette18@paginegialle.it,Male,195.84.15.11
46,Perrine,Parrot,pparrot19@comsenz.com,Female,34.175.2.76
47,Aldrich,Peres,aperes1a@nhs.uk,Male,251.200.212.159
48,Sasha,Sarvar,ssarvar1b@jugem.jp,Male,41.93.142.133
49,Skye,Rate,srate1c@theatlantic.com,Male,10.102.74.129
50,Forrest,Gollard,fgollard1d@live.com,Male,38.70.108.235
51,Aksel,Baignard,abaignard1e@pagesperso-orange.fr,Male,185.84.242.60
52,Jennette,Kettles,jkettles1f@wordpress.org,Female,48.123.49.88
53,Kathe,Blanko,kblanko1g@dyndns.org,Female,255.207.236.209
54,Mayer,Redihalgh,mredihalgh1h@spotify.com,Male,144.168.220.13
55,Elmo,Haddleton,ehaddleton1i@nytimes.com,Male,54.244.35.112
56,Cherilyn,McGregor,cmcgregor1j@yellowbook.com,Female,62.31.209.91
57,Marget,Shapland,mshapland1k@hibu.com,Female,106.220.53.229
58,Onfroi,Dalston,odalston1l@theatlantic.com,Male,201.28.207.112
59,Arvin,Horick,ahorick1m@accuweather.com,Male,102.224.236.112
60,Arman,Perschke,aperschke1n@squarespace.com,Genderfluid,13.212.176.254
61,Donni,Tyler,dtyler1o@spotify.com,Female,114.242.196.228
62,Celine,McKinley,cmckinley1p@kickstarter.com,Female,115.24.118.50
63,Nollie,Quadling,nquadling1q@storify.com,Male,141.87.83.17
64,Hillary,Souley,hsouley1r@chron.com,Female,7.132.118.224
65,Quincy,Basilio,qbasilio1s@nifty.com,Male,28.163.12.203
66,Clive,Dumbare,cdumbare1t@amazon.de,Non-binary,73.115.141.79
67,Reg,Ferber,rferber1u@toplist.cz,Male,105.75.112.166
68,Calli,Janway,cjanway1v@github.com,Female,19.22.0.141
69,Dorolisa,Cosstick,dcosstick1w@bandcamp.com,Female,62.16.104.25
70,Barny,Suermeier,bsuermeier1x@reference.com,Male,141.146.101.162
71,Guillermo,Peller,gpeller1y@amazonaws.com,Male,72.190.86.169
72,Denys,Vasilyonok,dvasilyonok1z@yahoo.com,Female,80.28.35.1
73,Ignatius,Gathwaite,igathwaite20@gravatar.com,Male,0.114.223.210
74,Levon,Forge,lforge21@goo.gl,Male,156.20.234.46
75,Haleigh,Bellward,hbellward22@slashdot.org,Male,35.141.44.43
76,Juliann,Petrushkevich,jpetrushkevich23@ibm.com,Female,0.23.26.159
77,Carie,Gimson,cgimson24@tiny.cc,Female,83.237.16.198
78,Reba,Mead,rmead25@mtv.com,Genderqueer,116.4.26.90
79,Redford,Colston,rcolston26@weather.com,Male,93.244.137.248
80,Susanne,Sheer,ssheer27@blog.com,Female,137.53.45.134
81,Dennie,Durbann,ddurbann28@state.gov,Female,122.135.100.123
82,Netty,Gosart,ngosart29@hhs.gov,Female,10.193.102.165
83,Brinna,Kermeen,bkermeen2a@walmart.com,Female,47.123.232.155
84,Genia,Rocca,grocca2b@soup.io,Female,53.107.22.136
85,Jameson,Kubis,jkubis2c@prnewswire.com,Male,246.19.0.223
86,Jeth,Hindmoor,jhindmoor2d@elegantthemes.com,Male,57.187.191.8
87,Alfie,Stanners,astanners2e@senate.gov,Female,94.188.26.201
88,Jecho,Nelmes,jnelmes2f@howstuffworks.com,Male,205.38.134.168
89,Bobby,Dearsley,bdearsley2g@illinois.edu,Female,16.103.231.2
90,Vivyanne,Albasini,valbasini2h@nature.com,Female,167.111.109.176
91,Nevsa,Grigaut,ngrigaut2i@ucoz.com,Female,75.26.94.198
92,Andonis,Castiello,acastiello2j@acquirethisname.com,Male,137.168.42.133
93,Pooh,Chesters,pchesters2k@boston.com,Male,1.192.152.36
94,Farr,Barton,fbarton2l@illinois.edu,Male,18.98.71.64
95,Angela,Firmage,afirmage2m@freewebs.com,Genderfluid,1.13.91.18
96,Costa,Knowller,cknowller2n@sohu.com,Male,138.231.169.143
97,Padgett,Skillings,pskillings2o@mysql.com,Male,213.48.3.106
98,Glynis,Jakubovski,gjakubovski2p@jigsy.com,Female,184.255.106.181
99,Andre,Gater,agater2q@sakura.ne.jp,Male,50.43.192.214
100,Jonathan,Gubbins,jgubbins2r@photobucket.com,Male,5.249.93.67
101,Devondra,Huison,dhuison2s@baidu.com,Female,217.16.78.170
102,Amby,Cator,acator2t@jugem.jp,Male,44.67.60.225
103,Innis,Farquhar,ifarquhar2u@wix.com,Male,52.3.71.5
104,Scot,Coomes,scoomes2v@multiply.com,Bigender,148.184.235.231
105,Elvis,Stern,estern2w@paginegialle.it,Male,21.43.194.220
106,Herculie,Collimore,hcollimore2x@timesonline.co.uk,Male,237.222.63.243
107,Dwight,Offiler,doffiler2y@globo.com,Male,111.120.9.27
108,Waldemar,Edmunds,wedmunds2z@foxnews.com,Male,254.193.1.94
109,Sidoney,Baggiani,sbaggiani30@tripadvisor.com,Genderqueer,4.151.216.26
110,Luigi,Kennedy,lkennedy31@newsvine.com,Male,56.68.167.139
111,Willard,Prentice,wprentice32@gizmodo.com,Male,72.180.11.59
112,Ynez,Naerup,ynaerup33@sina.com.cn,Female,42.159.48.117
113,Randolf,Terzo,rterzo34@cloudflare.com,Male,47.158.35.47
114,Ella,Kirdsch,ekirdsch35@skype.com,Female,210.242.244.229
115,Moshe,Bariball,mbariball36@gizmodo.com,Male,182.231.214.18
116,Dwayne,Bradder,dbradder37@ucsd.edu,Bigender,245.104.62.116
117,Odele,Bradneck,obradneck38@yellowpages.com,Agender,88.65.146.211
118,Gerrie,Finnigan,gfinnigan39@wikipedia.org,Female,148.125.110.198
119,Purcell,Withers,pwithers3a@livejournal.com,Male,122.202.28.36
120,Carlin,Woofinden,cwoofinden3b@skyrock.com,Female,54.95.52.136
121,Ariela,Steet,asteet3c@photobucket.com,Female,159.59.157.210
122,Mic,Darthe,mdarthe3d@bbc.co.uk,Male,193.9.51.230
123,Gilli,Daish,gdaish3e@ezinearticles.com,Female,120.234.83.61
124,Merell,Gallimore,mgallimore3f@angelfire.com,Male,86.135.236.190
125,Aurelea,Ivory,aivory3g@vistaprint.com,Female,223.61.61.158
126,Bogart,Cranstone,bcranstone3h@answers.com,Male,155.230.124.196
127,Chelsie,Melross,cmelross3i@cyberchimps.com,Genderfluid,176.53.135.110
128,Son,Berrecloth,sberrecloth3j@goo.ne.jp,Male,179.210.218.161
129,Kiele,Paskell,kpaskell3k@miitbeian.gov.cn,Female,227.36.156.202
130,Malachi,Bails,mbails3l@blogs.com,Male,35.2.147.4
131,Imojean,Greveson,igreveson3m@unesco.org,Female,87.47.206.139
132,Rogers,Vauter,rvauter3n@sitemeter.com,Male,137.189.23.165
133,Zed,Beniesh,zbeniesh3o@geocities.jp,Male,118.84.180.204
134,Callie,Fehners,cfehners3p@soup.io,Female,165.189.111.199
135,Elfie,Anderl,eanderl3q@cloudflare.com,Female,102.57.114.101
136,Ruperto,Barkaway,rbarkaway3r@pcworld.com,Male,64.155.185.35
137,Pavla,Sabbatier,psabbatier3s@themeforest.net,Female,96.213.53.60
138,Kimmie,Danjoie,kdanjoie3t@chronoengine.com,Female,68.151.234.220
139,Juliet,Lipmann,jlipmann3u@diigo.com,Female,218.36.48.128
140,Dionisio,Learmonth,dlearmonth3v@hc360.com,Polygender,162.230.178.37
141,Delano,Neller,dneller3w@theguardian.com,Male,26.253.138.53
142,Kerwin,McGlashan,kmcglashan3x@ucoz.com,Male,11.105.52.160
143,Melodee,Tampling,mtampling3y@ucla.edu,Female,13.148.57.146
144,Madalena,Casterou,mcasterou3z@un.org,Female,73.31.227.44
145,Michaelina,Recher,mrecher40@g.co,Female,125.230.119.77
146,Amil,Spellman,aspellman41@ebay.co.uk,Female,52.56.119.84
147,Arleyne,Farrow,afarrow42@economist.com,Female,95.86.24.200
148,Gertrudis,Brobyn,gbrobyn43@google.com,Female,146.137.133.108
149,Stanford,Goose,sgoose44@blogs.com,Male,56.180.174.61
150,Frasquito,Gribben,fgribben45@slideshare.net,Male,3.201.61.105
151,Guido,Bruhnicke,gbruhnicke46@samsung.com,Male,157.135.96.126
152,Brittan,Astill,bastill47@wordpress.com,Female,143.181.84.69
153,Gloriana,Ackermann,gackermann48@addtoany.com,Female,6.21.223.84
154,Timoteo,Burgon,tburgon49@tuttocitta.it,Male,4.153.196.235
155,Omero,Newrick,onewrick4a@vistaprint.com,Non-binary,237.120.225.69
156,Field,Alishoner,falishoner4b@engadget.com,Male,154.161.38.150
157,Lind,Gallimore,lgallimore4c@army.mil,Male,133.120.240.49
158,Ines,Creddon,icreddon4d@addtoany.com,Agender,232.251.39.97
159,Cale,Orringe,corringe4e@adobe.com,Male,102.130.188.10
160,Fifi,Ayliff,fayliff4f@nsw.gov.au,Female,230.18.113.137
161,Coletta,Scatchar,cscatchar4g@is.gd,Female,134.122.122.99
162,Kenyon,Gall,kgall4h@kickstarter.com,Male,133.187.44.65
163,Stepha,Baudic,sbaudic4i@ning.com,Female,244.236.186.105
164,Donella,De Giorgi,ddegiorgi4j@wix.com,Female,61.85.225.187
165,Olly,Andrini,oandrini4k@360.cn,Male,123.16.3.173
166,Dolli,Evason,devason4l@artisteer.com,Female,116.168.178.77
167,Seamus,Robbel,srobbel4m@lulu.com,Polygender,243.55.77.110
168,Joanna,Cheng,jcheng4n@umich.edu,Female,150.219.252.121
169,Antoni,Piccard,apiccard4o@fastcompany.com,Male,10.202.119.214
170,Otho,Grzegorecki,ogrzegorecki4p@howstuffworks.com,Male,6.178.252.231
171,Debbi,Farryann,dfarryann4q@nasa.gov,Female,204.99.36.76
172,Inessa,Folliott,ifolliott4r@gizmodo.com,Non-binary,36.243.92.230
173,Doreen,Jankovsky,djankovsky4s@nbcnews.com,Female,250.172.151.197
174,Aloise,Crosson,acrosson4t@discovery.com,Female,48.146.250.75
175,Haroun,Casino,hcasino4u@deviantart.com,Male,215.58.148.81
176,Laney,Littlejohn,llittlejohn4v@delicious.com,Male,48.138.1.138
177,Tierney,Akred,takred4w@imageshack.us,Female,94.199.177.10
178,Jo-anne,Aberchirder,jaberchirder4x@fda.gov,Female,86.136.235.174
179,Jeannette,Dowse,jdowse4y@paginegialle.it,Female,202.182.26.24
180,Marmaduke,Andresser,mandresser4z@cbsnews.com,Male,164.54.253.224
181,Artus,Jinks,ajinks50@privacy.gov.au,Male,62.158.174.86
182,Melony,Jeyness,mjeyness51@people.com.cn,Female,236.89.197.99
183,Siana,Heasly,sheasly52@sohu.com,Genderfluid,160.86.176.50
184,Yulma,Wyld,ywyld53@indiegogo.com,Male,127.156.61.196
185,Sherlocke,Feldon,sfeldon54@dell.com,Male,228.106.170.197
186,Erhart,Mation,emation55@wp.com,Male,240.86.0.44
187,Earlie,Riglesford,eriglesford56@scientificamerican.com,Male,74.122.136.32
188,Mohammed,Jeness,mjeness57@examiner.com,Male,3.158.38.241
189,Becka,Peacey,bpeacey58@ebay.com,Female,79.34.40.163
190,Ethel,Glanders,eglanders59@typepad.com,Female,235.22.74.110
191,Jefferey,Corson,jcorson5a@51.la,Male,33.178.147.239
192,Terrijo,Blanchflower,tblanchflower5b@usnews.com,Genderfluid,202.62.73.5
193,Kirby,Ledwich,kledwich5c@dmoz.org,Female,65.20.73.196
194,Isidor,Goodered,igoodered5d@phoca.cz,Male,101.23.231.214
195,Tersina,Fallows,tfallows5e@ifeng.com,Female,96.73.98.45
196,Bernadene,Balma,bbalma5f@ebay.com,Female,184.5.1.77
197,Sharai,Bramont,sbramont5g@cdc.gov,Female,155.129.248.98
198,Demetris,Layborn,dlayborn5h@free.fr,Female,82.160.78.184
199,Putnem,Carruth,pcarruth5i@bigcartel.com,Male,148.106.78.224
200,Jefferson,Southard,jsouthard5j@loc.gov,Male,155.203.121.146
201,Gerhard,Rekes,grekes5k@alexa.com,Male,234.20.86.88
202,Stacia,Raisbeck,sraisbeck5l@wufoo.com,Female,16.106.218.209
203,Palmer,Biggerdike,pbiggerdike5m@over-blog.com,Male,26.36.29.141
204,Nollie,Chataignier,nchataignier5n@hostgator.com,Male,41.253.240.154
205,Rosaleen,Labden,rlabden5o@hatena.ne.jp,Female,146.43.131.2
206,Rosana,Payne,rpayne5p@statcounter.com,Female,149.15.105.50
207,Mari,Janzen,mjanzen5q@woothemes.com,Female,0.205.32.190
208,Jamima,Trawin,jtrawin5r@webs.com,Female,209.51.76.185
209,Laird,Physic,lphysic5s@pinterest.com,Male,190.39.69.83
210,Ches,Micheu,cmicheu5t@netlog.com,Male,129.1.255.185
211,Wilden,Corrington,wcorrington5u@tripadvisor.com,Male,183.129.30.0
212,Beth,Pavitt,bpavitt5v@123-reg.co.uk,Female,142.113.62.135
213,Lilah,Dykas,ldykas5w@sina.com.cn,Female,71.108.163.55
214,Marguerite,Varnals,mvarnals5x@psu.edu,Female,0.6.221.139
215,Marcus,Purselow,mpurselow5y@theglobeandmail.com,Male,29.115.46.245
216,Wolf,Stickland,wstickland5z@simplemachines.org,Male,0.215.200.247
217,Lynnett,Gorrissen,lgorrissen60@symantec.com,Female,249.177.31.177
218,Allyn,Butt,abutt61@geocities.jp,Non-binary,99.205.253.57
219,Reuben,Applegarth,rapplegarth62@wikia.com,Genderqueer,57.150.189.13
220,Tildy,Lyons,tlyons63@vk.com,Female,242.27.110.65
221,Marten,Danford,mdanford64@amazon.com,Agender,173.223.244.179
222,Tabby,Vye,tvye65@hc360.com,Female,68.141.238.137
223,Matthus,Kinnane,mkinnane66@mysql.com,Male,146.243.221.177
224,Birch,Blethin,bblethin67@who.int,Male,170.1.121.59
225,Gretta,Roll,groll68@wufoo.com,Female,215.188.232.68
226,Fayre,Rocca,frocca69@ebay.com,Female,197.205.107.212
227,Saunders,Jeckell,sjeckell6a@home.pl,Male,41.134.191.64
228,Seymour,Guyon,sguyon6b@nhs.uk,Male,82.194.232.91
229,Scot,McGarvie,smcgarvie6c@pagesperso-orange.fr,Genderqueer,174.62.52.11
230,Gregoor,Hain,ghain6d@furl.net,Male,173.147.5.248
231,Teddy,Fetteplace,tfetteplace6e@elpais.com,Genderqueer,244.81.121.2
232,Emmalynne,O'Corrin,eocorrin6f@disqus.com,Female,200.127.13.233
233,Charline,Dracey,cdracey6g@zdnet.com,Female,211.231.225.199
234,Sanford,Crossgrove,scrossgrove6h@archive.org,Male,5.128.254.54
235,Cassaundra,Cragoe,ccragoe6i@taobao.com,Female,150.202.40.15
236,Freedman,Hartridge,fhartridge6j@pen.io,Male,61.167.229.13
237,Carlita,Sulley,csulley6k@noaa.gov,Female,14.211.188.60
238,Hope,Milson,hmilson6l@europa.eu,Female,45.217.30.250
239,Ynez,Mullally,ymullally6m@businessinsider.com,Female,28.150.75.102
240,Val,Goodnow,vgoodnow6n@cnn.com,Female,232.132.66.191
241,Cleo,Sanz,csanz6o@webnode.com,Female,250.167.123.111
242,Trixie,Purry,tpurry6p@sitemeter.com,Female,179.38.13.156
243,Sari,Tilzey,stilzey6q@godaddy.com,Female,12.204.250.205
244,Nara,Wilber,nwilber6r@samsung.com,Female,147.76.138.208
245,Tymothy,Adamo,tadamo6s@howstuffworks.com,Male,254.249.19.81
246,Timofei,Goublier,tgoublier6t@barnesandnoble.com,Male,64.54.178.148
247,Cory,Aspling,caspling6u@google.pl,Female,224.225.158.30
248,Munroe,Jeandel,mjeandel6v@canalblog.com,Male,59.181.100.142
249,Ciro,Warr,cwarr6w@gizmodo.com,Male,149.67.102.214
250,Derrik,Rosi,drosi6x@aol.com,Male,15.126.155.247
251,Hamid,Rothschild,hrothschild6y@pagesperso-orange.fr,Non-binary,171.193.124.15
252,Rebecka,Poulden,rpoulden6z@nyu.edu,Female,182.173.165.55
253,Arnuad,Ullrich,aullrich70@people.com.cn,Male,22.114.101.225
254,Mohandis,Marcinkus,mmarcinkus71@studiopress.com,Male,240.152.224.22
255,Alvira,Spollen,aspollen72@reference.com,Female,142.200.147.174
256,Hatti,Postians,hpostians73@patch.com,Female,112.199.62.204
257,Doreen,Aime,daime74@flavors.me,Agender,74.254.226.193
258,Calvin,McGennis,cmcgennis75@biblegateway.com,Male,193.44.10.137
259,Brita,Dyter,bdyter76@studiopress.com,Female,16.172.150.230
260,Ricki,Wadhams,rwadhams77@lulu.com,Female,80.64.243.88
261,Kinna,Wittke,kwittke78@foxnews.com,Female,91.2.169.210
262,Auroora,Vina,avina79@engadget.com,Female,43.117.143.166
263,Eb,Ludman,eludman7a@google.ru,Male,148.170.56.14
264,Leesa,Ammer,lammer7b@odnoklassniki.ru,Polygender,77.85.51.116
265,Hanny,Brundell,hbrundell7c@oakley.com,Female,56.236.108.219
266,Claire,Bastian,cbastian7d@friendfeed.com,Male,42.124.251.138
267,Willy,Cappineer,wcappineer7e@google.it,Agender,145.21.26.166
268,Jesse,Jolliffe,jjolliffe7f@wikia.com,Male,121.140.134.134
269,Bradan,Gething,bgething7g@ftc.gov,Male,111.200.151.142
270,Wiatt,Carbin,wcarbin7h@washingtonpost.com,Genderqueer,204.150.148.189
271,Zarah,Girardi,zgirardi7i@wunderground.com,Agender,118.29.70.128
272,Astra,Trobe,atrobe7j@cyberchimps.com,Agender,242.150.223.159
273,Ezequiel,Scotter,escotter7k@t-online.de,Male,218.137.65.156
274,Fiorenze,Hof,fhof7l@dyndns.org,Bigender,161.84.216.249
275,Llewellyn,Ramel,lramel7m@purevolume.com,Male,49.246.220.134
276,Adrian,Drew,adrew7n@pcworld.com,Male,151.149.148.59
277,Kirstin,Osgorby,kosgorby7o@dion.ne.jp,Female,88.47.207.36
278,Patrizio,Werndley,pwerndley7p@who.int,Bigender,54.153.50.34
279,Ingaborg,Bezley,ibezley7q@squidoo.com,Female,205.106.182.101
280,Sherye,Sapp,ssapp7r@latimes.com,Female,145.55.8.150
281,Jemimah,Brundell,jbrundell7s@alibaba.com,Female,45.138.5.188
282,Asa,Brash,abrash7t@bbc.co.uk,Male,78.79.102.216
283,Lane,Koppen,lkoppen7u@buzzfeed.com,Female,219.185.246.71
284,Alexandro,Ruberry,aruberry7v@dropbox.com,Male,169.21.16.194
285,Griff,Isakovic,gisakovic7w@sohu.com,Non-binary,105.10.83.67
286,Fran,Sherborne,fsherborne7x@geocities.jp,Male,88.58.207.129
287,Ezri,Nann,enann7y@360.cn,Male,229.232.66.39
288,Chastity,Vankin,cvankin7z@forbes.com,Female,112.121.171.95
289,Graig,Mead,gmead80@ted.com,Male,246.153.237.140
290,Cleveland,Bernucci,cbernucci81@timesonline.co.uk,Male,62.254.105.230
291,Alphard,Jiroutka,ajiroutka82@joomla.org,Male,72.149.203.95
292,Almeda,Veness,aveness83@earthlink.net,Non-binary,206.1.235.52
293,Asher,Dowson,adowson84@vimeo.com,Male,66.71.93.119
294,Suzie,Pallister,spallister85@parallels.com,Female,161.136.148.66
295,Beverley,Januszkiewicz,bjanuszkiewicz86@pen.io,Female,231.206.51.140
296,Darryl,Teasdale-Markie,dteasdalemarkie87@marriott.com,Male,4.213.107.70
297,Denyse,Salsberg,dsalsberg88@macromedia.com,Female,217.61.225.71
298,Ludvig,Fenck,lfenck89@tripod.com,Male,165.175.122.140
299,Iago,Wakeling,iwakeling8a@nationalgeographic.com,Male,223.241.152.193
300,Midge,Jumont,mjumont8b@com.com,Female,159.88.167.175
301,Theresina,Firth,tfirth8c@ning.com,Non-binary,217.107.164.116
302,Ariella,Iacoviello,aiacoviello8d@telegraph.co.uk,Female,4.217.133.154
303,Sarajane,Bladge,sbladge8e@com.com,Female,227.147.121.88
304,Maisie,Rahlof,mrahlof8f@bluehost.com,Female,177.202.225.124
305,Emalia,Lonsbrough,elonsbrough8g@msu.edu,Female,95.105.254.181
306,Yanaton,Nash,ynash8h@abc.net.au,Male,69.210.201.116
307,Freddie,Saile,fsaile8i@examiner.com,Female,178.85.58.233
308,Sterling,Beevors,sbeevors8j@sohu.com,Male,175.200.43.42
309,Clay,Hayman,chayman8k@cdc.gov,Male,232.210.253.218
310,Wendeline,Youngman,wyoungman8l@reference.com,Female,179.155.43.178
311,Lillis,Murdy,lmurdy8m@sfgate.com,Female,151.165.211.183
312,Dan,Tice,dtice8n@cpanel.net,Male,101.190.84.40
313,Malcolm,Scrane,mscrane8o@merriam-webster.com,Male,145.32.146.126
314,Elfrieda,Edmenson,eedmenson8p@kickstarter.com,Female,217.224.217.214
315,Jayme,Jeanequin,jjeanequin8q@reverbnation.com,Female,216.103.130.241
316,Jennee,Downing,jdowning8r@unblog.fr,Female,172.200.152.59
317,Kali,Lorkins,klorkins8s@wisc.edu,Female,204.57.31.107
318,Manolo,McElvogue,mmcelvogue8t@nature.com,Male,177.245.54.82
319,Sergent,Cod,scod8u@adobe.com,Polygender,127.38.139.248
320,Wallace,Feye,wfeye8v@state.gov,Male,226.87.66.103
321,Nesta,Cavee,ncavee8w@npr.org,Bigender,148.46.12.5
322,Bram,McGlew,bmcglew8x@hostgator.com,Male,171.218.112.235
323,Renate,Bothe,rbothe8y@naver.com,Female,226.195.78.182
324,Derrik,Jenner,djenner8z@google.co.uk,Male,183.215.137.54
325,Pauletta,Bridle,pbridle90@uiuc.edu,Female,84.244.106.16
326,Sigrid,Trubshaw,strubshaw91@alexa.com,Female,168.115.4.114
327,Camel,Boneham,cboneham92@fc2.com,Female,40.210.202.141
328,Walliw,Danielot,wdanielot93@hugedomains.com,Female,22.185.17.170
329,Rolland,MacCafferky,rmaccafferky94@g.co,Male,183.65.187.188
330,Vania,Loren,vloren95@wisc.edu,Female,137.108.45.205
331,Rhonda,Pluthero,rpluthero96@cpanel.net,Female,47.65.213.41
332,Eugine,Macer,emacer97@go.com,Female,17.253.187.239
333,Greg,Valeri,gvaleri98@smugmug.com,Male,165.217.145.201
334,Aldous,Couser,acouser99@printfriendly.com,Male,34.3.102.80
335,Liva,Semarke,lsemarke9a@toplist.cz,Female,236.180.211.163
336,Gaby,Bottrell,gbottrell9b@typepad.com,Female,101.34.59.238
337,Genevieve,Colmer,gcolmer9c@apple.com,Female,6.29.59.111
338,Wynne,Kilshall,wkilshall9d@mayoclinic.com,Polygender,185.122.121.4
339,Augustin,Kunkel,akunkel9e@hostgator.com,Genderfluid,71.202.144.201
340,Rea,Skelhorn,rskelhorn9f@admin.ch,Female,245.4.28.242
341,Ernst,Fosh,efosh9g@networkadvertising.org,Male,241.182.15.68
342,Justen,Garment,jgarment9h@hexun.com,Male,159.150.33.184
343,Shina,Buzza,sbuzza9i@163.com,Female,27.248.95.107
344,Ferrel,Simoneton,fsimoneton9j@reddit.com,Male,183.254.59.154
345,Mill,Carff,mcarff9k@weibo.com,Male,158.161.94.195
346,Andee,Ashelford,aashelford9l@moonfruit.com,Female,158.173.170.147
347,Ardella,Meller,ameller9m@cloudflare.com,Female,90.164.158.10
348,Derron,Eustes,deustes9n@cafepress.com,Male,18.8.205.67
349,Keefer,Millichap,kmillichap9o@bbb.org,Male,145.89.130.252
350,Mart,Handsheart,mhandsheart9p@dmoz.org,Male,75.241.212.69
351,Lia,Cowcha,lcowcha9q@intel.com,Female,60.13.149.53
352,Janeta,Arnot,jarnot9r@nasa.gov,Genderqueer,65.35.61.192
353,Lana,Attoe,lattoe9s@soundcloud.com,Female,166.249.192.186
354,Imelda,Vyvyan,ivyvyan9t@stumbleupon.com,Female,200.70.70.187
355,Vanna,Harriday,vharriday9u@time.com,Female,232.243.138.225
356,Germana,Lowton,glowton9v@typepad.com,Female,246.131.193.213
357,Marjory,Alexandersson,malexandersson9w@yale.edu,Female,226.144.113.147
358,Charmian,Callinan,ccallinan9x@arstechnica.com,Female,196.182.123.188
359,Eachelle,Videler,evideler9y@gnu.org,Female,215.177.89.206
360,Kassandra,Coule,kcoule9z@ovh.net,Polygender,174.128.192.244
361,Yorke,Yewdale,yyewdalea0@bloglines.com,Genderfluid,59.86.0.56
362,Bastian,Shefton,bsheftona1@blogs.com,Male,219.251.63.33
363,Hubie,Glover,hglovera2@barnesandnoble.com,Male,30.63.145.172
364,Eldridge,Broome,ebroomea3@diigo.com,Male,152.96.188.80
365,Eugene,Morewood,emorewooda4@webnode.com,Male,203.23.115.127
366,Dalila,Childe,dchildea5@wsj.com,Female,156.131.211.2
367,Base,Davall,bdavalla6@blogger.com,Male,186.180.96.77
368,Alleyn,Mussotti,amussottia7@newyorker.com,Male,52.132.167.44
369,Mirella,Smy,msmya8@archive.org,Female,197.18.79.108
370,Davie,Moorhead,dmoorheada9@msn.com,Agender,75.35.189.220
371,Stacee,Ciotto,sciottoaa@goo.ne.jp,Agender,64.129.74.179
372,Freedman,Ledgerton,fledgertonab@theatlantic.com,Male,181.120.31.243
373,Larry,Vankin,lvankinac@mtv.com,Male,70.167.188.63
374,Leonelle,Brugman,lbrugmanad@pcworld.com,Female,201.0.89.166
375,Inigo,Gilleson,igillesonae@fema.gov,Male,132.69.0.14
376,Nelli,Bouette,nbouetteaf@scribd.com,Female,185.76.26.191
377,Sheryl,Gueinn,sgueinnag@auda.org.au,Female,94.138.19.32
378,Jerrilyn,Ickov,jickovah@hostgator.com,Genderqueer,131.194.189.247
379,Flossie,Burdell,fburdellai@slideshare.net,Female,146.82.105.218
380,Anica,Sheardown,asheardownaj@reuters.com,Female,209.202.198.149
381,Burlie,Quarry,bquarryak@quantcast.com,Male,60.38.15.142
382,Sidnee,Antony,santonyal@businessinsider.com,Male,81.93.67.88
383,Mersey,Doughartie,mdoughartieam@cbc.ca,Female,162.237.196.217
384,Polly,Gossipin,pgossipinan@jugem.jp,Female,104.111.69.3
385,Charlotta,Paskins,cpaskinsao@npr.org,Female,89.49.10.51
386,Margarethe,Seymour,mseymourap@51.la,Female,89.90.76.160
387,Dolph,Ivett,divettaq@army.mil,Male,23.14.193.25
388,Althea,Crone,acronear@cbslocal.com,Female,57.66.90.253
389,Steffi,Guare,sguareas@a8.net,Female,245.80.132.150
390,Manya,Stenbridge,mstenbridgeat@infoseek.co.jp,Female,155.87.187.180
391,Loise,Ciccerale,lcicceraleau@wordpress.com,Female,170.102.5.14
392,Morgen,Eschalotte,meschalotteav@chron.com,Male,83.144.234.221
393,Bryant,Stubbert,bstubbertaw@google.nl,Male,179.218.205.72
394,Brittney,Robak,brobakax@statcounter.com,Female,31.90.229.35
395,Emmaline,Lumley,elumleyay@pbs.org,Female,239.143.93.12
396,Neville,Soffe,nsoffeaz@narod.ru,Male,74.119.251.253
397,Leicester,Tampion,ltampionb0@yandex.ru,Male,140.59.45.154
398,Caryl,Bumphries,cbumphriesb1@i2i.jp,Female,202.26.203.205
399,Geraldine,Rosenblum,grosenblumb2@creativecommons.org,Female,6.0.140.254
400,Osborne,Maplestone,omaplestoneb3@biblegateway.com,Male,42.122.140.94
401,Kacie,Refford,kreffordb4@wufoo.com,Female,250.244.28.100
402,Ferrel,Girod,fgirodb5@ucoz.com,Male,221.157.180.84
403,Pepito,Baseley,pbaseleyb6@xrea.com,Male,204.86.16.3
404,Jennilee,Fairhead,jfairheadb7@si.edu,Female,6.223.194.185
405,Hazel,Fortnam,hfortnamb8@quantcast.com,Male,12.253.225.194
406,Nertie,Rosell,nrosellb9@mail.ru,Female,28.81.137.244
407,Laurette,Brettor,lbrettorba@wufoo.com,Female,154.72.91.175
408,Thibaud,Adrain,tadrainbb@mapquest.com,Male,102.96.193.49
409,Alfred,Lumsdale,alumsdalebc@simplemachines.org,Male,34.165.97.102
410,Dall,MacPhail,dmacphailbd@apple.com,Polygender,207.219.53.109
411,Ringo,McGairl,rmcgairlbe@gnu.org,Male,197.190.146.212
412,Bendick,Ledgister,bledgisterbf@ebay.com,Male,203.84.252.52
413,Pieter,Brokenshaw,pbrokenshawbg@europa.eu,Male,204.139.197.9
414,Eunice,Village,evillagebh@hibu.com,Female,217.169.196.124
415,Eberhard,Raspel,eraspelbi@mediafire.com,Male,202.106.196.23
416,Mufi,McCollum,mmccollumbj@last.fm,Female,231.32.53.134
417,Silvanus,Maher,smaherbk@umich.edu,Male,21.110.216.225
418,Brad,Petrello,bpetrellobl@rediff.com,Male,48.32.236.51
419,Jamaal,Stiegers,jstiegersbm@aboutads.info,Male,253.86.130.203
420,Rabbi,Hunsworth,rhunsworthbn@dyndns.org,Male,59.218.28.88
421,Yancy,Flahive,yflahivebo@ehow.com,Male,232.135.90.253
422,Adair,Baskerville,abaskervillebp@narod.ru,Male,246.48.202.152
423,Johan,Wase,jwasebq@dell.com,Male,35.30.120.185
424,Lezley,Boxhill,lboxhillbr@wikispaces.com,Male,75.192.24.38
425,Finlay,Stennett,fstennettbs@dedecms.com,Male,110.135.192.219
426,Gabbie,Scallon,gscallonbt@cbc.ca,Female,102.33.83.64
427,Jasun,Klimecki,jklimeckibu@paginegialle.it,Male,186.25.113.141
428,Adan,Lott,alottbv@yolasite.com,Female,97.81.128.101
429,Marlowe,Gibbieson,mgibbiesonbw@domainmarket.com,Male,103.87.96.168
430,Jarrad,Tandey,jtandeybx@tinypic.com,Male,92.125.120.198
431,Sergeant,Bernette,sbernetteby@mapy.cz,Male,225.119.149.38
432,Vernor,Brabbs,vbrabbsbz@cisco.com,Male,220.183.154.35
433,Torrey,Berrisford,tberrisfordc0@nytimes.com,Male,142.198.166.222
434,Gilberta,Beven,gbevenc1@uiuc.edu,Non-binary,133.163.104.163
435,Laurice,Ciani,lcianic2@sciencedaily.com,Female,33.221.207.78
436,Eric,Chaperlin,echaperlinc3@wordpress.com,Non-binary,10.153.52.241
437,Anestassia,Durban,adurbanc4@linkedin.com,Female,82.188.102.223
438,Cirillo,Rickersey,crickerseyc5@canalblog.com,Male,24.209.182.77
439,Lowrance,Charke,lcharkec6@ask.com,Agender,185.186.8.12
440,Nadean,Scimonelli,nscimonellic7@naver.com,Female,144.102.22.135
441,Anselm,Stoneham,astonehamc8@walmart.com,Male,64.10.19.80
442,Agustin,McKinn,amckinnc9@elegantthemes.com,Genderfluid,149.144.17.204
443,Johnny,McNamara,jmcnamaraca@stumbleupon.com,Male,155.167.107.214
444,Julee,Whitworth,jwhitworthcb@bigcartel.com,Female,26.92.46.231
445,Riley,Sinkinson,rsinkinsoncc@samsung.com,Male,206.253.18.28
446,Ginger,Bladon,gbladoncd@diigo.com,Female,86.249.128.77
447,Marcella,Oldman,moldmance@bigcartel.com,Female,100.74.156.32
448,Elana,Hoys,ehoyscf@alibaba.com,Female,166.184.142.143
449,Loise,Dominy,ldominycg@dropbox.com,Non-binary,26.203.209.63
450,Elfreda,Tynemouth,etynemouthch@howstuffworks.com,Polygender,68.50.106.225
451,Sybilla,Goodbanne,sgoodbanneci@sitemeter.com,Female,252.179.243.123
452,Burlie,Bohlens,bbohlenscj@rambler.ru,Agender,201.82.36.174
453,Jorgan,Pechold,jpecholdck@elpais.com,Male,95.120.1.220
454,Rube,Felton,rfeltoncl@51.la,Male,82.128.239.224
455,Lothario,Darycott,ldarycottcm@gov.uk,Male,66.118.98.65
456,Pier,Woolis,pwooliscn@admin.ch,Female,131.243.175.97
457,Kerry,Glasscoe,kglasscoeco@sciencedaily.com,Male,245.12.222.186
458,Moss,Bryning,mbryningcp@goodreads.com,Male,21.193.153.144
459,Cary,Collop,ccollopcq@blogs.com,Female,246.191.252.160
460,Ingaborg,Guidi,iguidicr@unicef.org,Female,238.115.127.187
461,Adham,Jacobowicz,ajacobowiczcs@cmu.edu,Male,185.29.215.36
462,Selig,de Castelain,sdecastelainct@nature.com,Male,24.122.204.117
463,Clarissa,Osbidston,cosbidstoncu@freewebs.com,Female,40.51.60.36
464,Cordell,Creech,ccreechcv@purevolume.com,Male,21.77.41.212
465,Nester,Colbertson,ncolbertsoncw@wisc.edu,Male,29.50.67.84
466,Horton,Howselee,hhowseleecx@ebay.co.uk,Male,158.178.86.130
467,Nathanael,Hanshaw,nhanshawcy@ebay.co.uk,Male,201.146.52.53
468,Natty,Rusted,nrustedcz@statcounter.com,Male,237.105.186.145
469,Curtice,Meadmore,cmeadmored0@odnoklassniki.ru,Male,8.230.222.185
470,Karon,Desport,kdesportd1@home.pl,Female,86.247.54.82
471,Parsifal,Hunton,phuntond2@intel.com,Non-binary,217.134.211.88
472,Edy,Hudghton,ehudghtond3@arstechnica.com,Female,51.133.249.236
473,Loella,Monni,lmonnid4@macromedia.com,Female,193.141.219.198
474,Saudra,Staining,sstainingd5@marriott.com,Female,148.41.11.140
475,Mac,Eydel,meydeld6@hhs.gov,Male,16.86.140.87
476,Keefer,Booij,kbooijd7@time.com,Male,43.135.89.170
477,Sarita,Keppin,skeppind8@canalblog.com,Female,199.73.191.62
478,Gareth,Hayller,ghayllerd9@fema.gov,Male,10.213.91.94
479,Renaldo,Hendriks,rhendriksda@barnesandnoble.com,Male,115.192.249.142
480,Rickard,Full,rfulldb@google.co.uk,Male,162.234.113.179
481,Aubree,Churching,achurchingdc@pcworld.com,Female,63.113.110.90
482,Dorita,Seage,dseagedd@newyorker.com,Female,240.83.169.181
483,Guntar,Koenen,gkoenende@nps.gov,Male,14.38.2.53
484,Brita,Minerdo,bminerdodf@theatlantic.com,Female,130.187.243.233
485,Booth,Bortolazzi,bbortolazzidg@ted.com,Male,95.57.216.10
486,Lexie,Guillem,lguillemdh@cargocollective.com,Female,212.239.70.44
487,Benjy,Sheere,bsheeredi@godaddy.com,Male,28.107.68.190
488,Myrta,Cady,mcadydj@statcounter.com,Female,162.10.159.119
489,Clarabelle,Coundley,ccoundleydk@newyorker.com,Female,175.108.245.217
490,Cosimo,Heddan,cheddandl@wordpress.org,Male,229.165.237.20
491,Liza,Perazzo,lperazzodm@cdbaby.com,Female,205.9.194.101
492,Duncan,Balk,dbalkdn@statcounter.com,Male,10.235.27.243
493,Kathy,Snoden,ksnodendo@nhs.uk,Female,174.114.26.75
494,Kaycee,Bacon,kbacondp@miibeian.gov.cn,Female,166.43.251.99
495,Florina,Solman,fsolmandq@buzzfeed.com,Female,193.96.11.174
496,Jacqueline,Welland,jwellanddr@elegantthemes.com,Female,110.162.24.251
497,Amelia,Pinson,apinsonds@is.gd,Female,183.90.180.158
498,Raphael,Pointer,rpointerdt@nbcnews.com,Male,101.84.248.14
499,Daren,Langthorne,dlangthornedu@weibo.com,Male,241.195.175.103
500,Felic,Fandrich,ffandrichdv@vimeo.com,Male,34.32.90.41
501,Town,Winch,twinchdw@ameblo.jp,Male,181.137.10.9
502,Sadie,Loddon,sloddondx@slideshare.net,Female,197.138.251.53
503,Thekla,Jancar,tjancardy@umn.edu,Female,114.62.244.137
504,Pippo,Bolte,pboltedz@wufoo.com,Agender,203.241.6.113
505,Cathryn,Storah,cstorahe0@google.ru,Female,238.87.78.49
506,Arch,Render,arendere1@howstuffworks.com,Male,219.164.103.239
507,Duffie,Goldney,dgoldneye2@nih.gov,Bigender,213.52.251.232
508,Molly,Ilieve,milievee3@google.com.hk,Female,63.231.154.209
509,Leif,Beccera,lbeccerae4@google.com.hk,Male,215.253.88.122
510,Gladys,Dukes,gdukese5@sphinn.com,Female,158.194.159.80
511,Nicolis,Suarez,nsuareze6@ucla.edu,Male,112.232.19.249
512,Merola,Gumb,mgumbe7@mozilla.org,Female,43.158.235.29
513,Basilius,Jaques,bjaquese8@joomla.org,Male,204.206.141.224
514,Michal,Ottewell,mottewelle9@technorati.com,Non-binary,51.176.191.84
515,Talia,Muggleston,tmugglestonea@omniture.com,Female,226.58.145.77
516,Dede,Saing,dsaingeb@privacy.gov.au,Female,202.165.135.236
517,Euell,Barrat,ebarratec@deviantart.com,Male,37.76.8.185
518,Kenon,Hatter,khattered@msn.com,Male,141.151.69.191
519,Genni,Petracek,gpetracekee@biblegateway.com,Female,2.193.252.50
520,Toiboid,Brimilcome,tbrimilcomeef@hubpages.com,Male,172.84.174.150
521,Sharleen,Ollin,sollineg@stumbleupon.com,Female,204.30.195.17
522,Katee,Kiehne,kkiehneeh@goodreads.com,Female,246.158.240.207
523,Marlin,Stroban,mstrobanei@msu.edu,Male,139.92.135.42
524,Mohandas,Royans,mroyansej@ox.ac.uk,Male,178.43.146.199
525,Lonnie,Hamber,lhamberek@chronoengine.com,Male,5.66.182.92
526,Gwyneth,Ferrero,gferreroel@opensource.org,Female,64.236.13.140
527,Paulie,Ganing,pganingem@uiuc.edu,Male,251.193.100.103
528,Nathalie,Baxter,nbaxteren@gov.uk,Female,101.90.23.60
529,Hugibert,Garwell,hgarwelleo@omniture.com,Male,152.198.4.153
530,Ash,Seefus,aseefusep@bloglovin.com,Male,103.17.157.147
531,Gare,Tubbs,gtubbseq@timesonline.co.uk,Genderfluid,152.232.204.181
532,Murial,Tyre,mtyreer@examiner.com,Female,88.54.31.30
533,Sheena,Rabley,srableyes@arizona.edu,Non-binary,51.95.24.21
534,Lazaro,Withinshaw,lwithinshawet@cisco.com,Male,176.243.100.207
535,Basil,Mundell,bmundelleu@w3.org,Male,155.214.235.140
536,Lorna,Squires,lsquiresev@blogtalkradio.com,Genderqueer,249.218.184.189
537,Bastian,Ferrao,bferraoew@addthis.com,Male,199.27.19.137
538,Hilliard,Rapier,hrapierex@toplist.cz,Male,38.74.128.209
539,Elene,Lightfoot,elightfootey@usnews.com,Female,40.78.137.18
540,Mohandis,Setchfield,msetchfieldez@dailymail.co.uk,Agender,207.184.48.148
541,Chester,Hulk,chulkf0@mapquest.com,Male,75.69.167.145
542,Ashlen,Bisp,abispf1@gizmodo.com,Female,240.180.45.11
543,Delmar,Soppit,dsoppitf2@jalbum.net,Male,233.157.104.67
544,Rosabel,Slym,rslymf3@topsy.com,Female,95.233.243.172
545,Bern,Fitzroy,bfitzroyf4@paypal.com,Male,253.128.6.162
546,Nevile,Kimbly,nkimblyf5@fastcompany.com,Male,104.132.134.228
547,Toma,Thorpe,tthorpef6@feedburner.com,Female,248.38.179.62
548,Rockwell,Bonafacino,rbonafacinof7@joomla.org,Male,8.139.230.50
549,Alysia,Saile,asailef8@wix.com,Non-binary,46.240.60.84
550,Jacquelynn,Edney,jedneyf9@tripod.com,Female,120.89.29.16
551,Oriana,Lautie,olautiefa@infoseek.co.jp,Female,101.31.17.13
552,Alberik,Rylance,arylancefb@hao123.com,Polygender,98.181.83.6
553,Conant,Nabarro,cnabarrofc@istockphoto.com,Male,244.213.223.245
554,Winthrop,Benardette,wbenardettefd@typepad.com,Male,166.255.94.254
555,Adriane,Huffadine,ahuffadinefe@arizona.edu,Female,148.103.38.38
556,Collie,Toffalo,ctoffaloff@nasa.gov,Female,220.203.138.47
557,Otis,Castaner,ocastanerfg@tuttocitta.it,Male,94.170.231.157
558,Brear,Cove,bcovefh@scientificamerican.com,Female,26.148.255.151
559,Upton,Northfield,unorthfieldfi@ovh.net,Male,14.75.241.128
560,Angela,Schuck,aschuckfj@vinaora.com,Female,232.68.5.17
561,Gerti,Cantua,gcantuafk@infoseek.co.jp,Female,37.221.42.177
562,Stephanie,Demke,sdemkefl@ustream.tv,Female,166.5.4.219
563,Tommie,Norfolk,tnorfolkfm@yellowpages.com,Male,117.34.80.77
564,Horton,Boundley,hboundleyfn@harvard.edu,Genderqueer,77.30.49.107
565,Eduino,Spratling,espratlingfo@alibaba.com,Male,150.189.253.213
566,Rosetta,Roscher,rroscherfp@hostgator.com,Female,53.9.173.104
567,Van,Fruin,vfruinfq@msu.edu,Male,204.119.234.219
568,Orlando,Oley,ooleyfr@slashdot.org,Male,63.41.203.235
569,Tilda,Del Checolo,tdelchecolofs@cocolog-nifty.com,Female,180.211.189.60
570,Kasper,Crates,kcratesft@va.gov,Male,87.107.229.200
571,Filippa,Corson,fcorsonfu@harvard.edu,Female,104.52.34.136
572,Brandice,Janzen,bjanzenfv@sitemeter.com,Female,56.39.146.165
573,Juliann,Ludy,jludyfw@etsy.com,Female,95.49.125.154
574,Bertrando,Haggath,bhaggathfx@foxnews.com,Male,190.166.15.32
575,Errick,Hodgins,ehodginsfy@usgs.gov,Male,123.246.207.124
576,Golda,Tine,gtinefz@sogou.com,Female,105.79.195.92
577,Danni,Wankel,dwankelg0@rambler.ru,Female,174.152.70.121
578,Derrick,Kubecka,dkubeckag1@angelfire.com,Male,131.249.39.150
579,Fancie,Volet,fvoletg2@mail.ru,Female,149.193.180.80
580,Killy,Curnow,kcurnowg3@elegantthemes.com,Male,213.24.198.236
581,Rodrigo,Bewfield,rbewfieldg4@mtv.com,Male,10.148.44.90
582,Alistair,Blazeby,ablazebyg5@virginia.edu,Male,120.16.58.32
583,Nari,Hadcock,nhadcockg6@techcrunch.com,Female,245.248.173.139
584,Caria,Raffles,crafflesg7@baidu.com,Female,33.231.4.109
585,Norbert,Tourry,ntourryg8@noaa.gov,Male,42.72.137.144
586,Mellicent,Lettice,mletticeg9@merriam-webster.com,Female,5.79.35.124
587,Eberhard,Girone,egironega@reference.com,Male,142.58.235.78
588,Dominga,Pashler,dpashlergb@fc2.com,Bigender,69.153.251.101
589,Birdie,Rosenboim,brosenboimgc@hatena.ne.jp,Female,67.75.125.73
590,Kenyon,Emeline,kemelinegd@sbwire.com,Male,56.123.89.237
591,Hewitt,Boyat,hboyatge@geocities.com,Male,16.16.227.224
592,Tessie,Thompkins,tthompkinsgf@google.cn,Genderfluid,188.121.196.87
593,Free,Vallow,fvallowgg@dion.ne.jp,Male,52.255.244.188
594,Inglis,Garza,igarzagh@stumbleupon.com,Non-binary,244.106.50.38
595,Gusella,Maus,gmausgi@slideshare.net,Female,107.132.1.209
596,Benny,Castaner,bcastanergj@hhs.gov,Female,113.165.246.204
597,Bank,Costerd,bcosterdgk@youtube.com,Male,21.53.137.33
598,Josephine,Dyment,jdymentgl@photobucket.com,Female,10.247.22.96
599,Brittney,O'Hone,bohonegm@t-online.de,Female,62.171.155.236
600,Noak,Ingry,ningrygn@is.gd,Male,56.98.218.94
601,Scotti,MacDearmaid,smacdearmaidgo@comsenz.com,Male,75.200.37.168
602,Ada,Sherme,ashermegp@hud.gov,Female,230.6.143.165
603,Jared,Pheasey,jpheaseygq@salon.com,Male,230.192.116.248
604,Ephrayim,Kibbey,ekibbeygr@chron.com,Male,16.86.55.205
605,Al,Pfeffel,apfeffelgs@bluehost.com,Male,249.29.153.170
606,Gunilla,McCarrick,gmccarrickgt@flickr.com,Female,115.10.181.198
607,Franchot,Filon,ffilongu@hugedomains.com,Male,247.254.52.149
608,Yulma,Lucien,yluciengv@sakura.ne.jp,Male,154.162.94.12
609,Marty,Lawrey,mlawreygw@gmpg.org,Male,66.103.248.214
610,Den,Benedtti,dbenedttigx@princeton.edu,Male,19.212.120.98
611,Marilee,Doelle,mdoellegy@google.nl,Female,58.208.9.3
612,Desmond,Codeman,dcodemangz@booking.com,Male,167.186.246.190
613,Jorie,Dakhov,jdakhovh0@tuttocitta.it,Female,101.33.48.160
614,Hermia,Sebley,hsebleyh1@uiuc.edu,Bigender,134.11.252.8
615,Dalt,Zohrer,dzohrerh2@etsy.com,Male,208.39.128.246
616,Aluin,Dewen,adewenh3@reverbnation.com,Male,50.151.65.56
617,Krishna,Jacklings,kjacklingsh4@indiegogo.com,Male,166.57.230.29
618,Adan,Pover,apoverh5@yellowbook.com,Male,111.63.210.80
619,Donetta,Ganford,dganfordh6@technorati.com,Female,170.201.91.173
620,Gib,Greydon,ggreydonh7@eventbrite.com,Male,66.176.144.142
621,Jed,Larrett,jlarretth8@jimdo.com,Male,216.199.233.57
622,Shaun,Fishbourn,sfishbournh9@sina.com.cn,Female,73.254.190.202
623,Hamish,Pullar,hpullarha@acquirethisname.com,Agender,119.48.8.181
624,Payton,Themann,pthemannhb@google.com.au,Male,126.18.28.134
625,Morlee,Sinkins,msinkinshc@cisco.com,Male,172.211.125.251
626,Faunie,Albany,falbanyhd@wired.com,Female,33.91.179.32
627,Ailina,Heamus,aheamushe@barnesandnoble.com,Female,27.21.191.196
628,Odella,Buney,obuneyhf@epa.gov,Female,51.18.25.255
629,Ellyn,Stiggers,estiggershg@wiley.com,Female,35.18.188.222
630,Zed,Binestead,zbinesteadhh@ustream.tv,Male,236.188.101.2
631,Arlena,McLemon,amclemonhi@macromedia.com,Female,211.204.120.159
632,Maye,Flanaghan,mflanaghanhj@multiply.com,Female,109.182.159.130
633,Harris,Garnul,hgarnulhk@wiley.com,Male,20.254.121.45
634,Blanca,Torricina,btorricinahl@tripadvisor.com,Female,18.89.45.59
635,Goober,Brokenshaw,gbrokenshawhm@omniture.com,Male,41.143.146.70
636,Donnie,Cone,dconehn@google.es,Male,181.110.8.173
637,Konstanze,Sheaf,ksheafho@topsy.com,Female,14.123.88.70
638,Nial,Minghi,nminghihp@bing.com,Male,14.148.63.64
639,Etienne,Nussen,enussenhq@tumblr.com,Male,235.65.54.15
640,Ruthanne,Budgett,rbudgetthr@xinhuanet.com,Female,35.137.51.220
641,Darb,Chaim,dchaimhs@surveymonkey.com,Female,250.23.133.110
642,Koral,Paramore,kparamoreht@domainmarket.com,Female,22.106.45.78
643,Isidro,Walshe,iwalshehu@last.fm,Male,150.137.86.168
644,Ambur,Gonzalo,agonzalohv@uiuc.edu,Female,40.86.119.103
645,Pia,Davoren,pdavorenhw@baidu.com,Female,251.63.244.4
646,Joanie,Meegin,jmeeginhx@elegantthemes.com,Female,180.105.250.179
647,Clemence,Cleminshaw,ccleminshawhy@example.com,Female,48.218.107.6
648,Adolphus,Danielsohn,adanielsohnhz@mtv.com,Male,188.43.199.186
649,Petronille,Wressell,pwresselli0@accuweather.com,Genderfluid,5.125.68.212
650,Mel,Triswell,mtriswelli1@shutterfly.com,Male,141.6.88.207
651,Dietrich,Willden,dwilldeni2@patch.com,Male,85.111.199.188
652,Emilee,Grevel,egreveli3@shinystat.com,Female,188.244.55.110
653,Fern,Just,fjusti4@discuz.net,Female,8.120.64.190
654,Maryjo,Crowdy,mcrowdyi5@craigslist.org,Polygender,138.33.183.65
655,Norina,Else,nelsei6@t-online.de,Genderfluid,52.149.195.66
656,Thurstan,Butterly,tbutterlyi7@wiley.com,Bigender,38.24.18.15
657,Calli,Glasper,cglasperi8@mit.edu,Female,246.72.128.53
658,Dalli,Portal,dportali9@google.com.hk,Male,134.101.64.26
659,Letitia,Vurley,lvurleyia@mapquest.com,Female,95.59.211.200
660,Hogan,Snodden,hsnoddenib@ox.ac.uk,Male,136.162.28.166
661,Violante,Pareman,vparemanic@example.com,Agender,252.22.191.64
662,Virgil,Janouch,vjanouchid@webeden.co.uk,Male,198.246.242.136
663,Idaline,Reinmar,ireinmarie@japanpost.jp,Female,213.11.150.111
664,Chico,Brunelli,cbrunelliif@yahoo.co.jp,Male,199.42.115.134
665,Huntley,Roebottom,hroebottomig@dot.gov,Male,211.195.243.11
666,Pauletta,Giacobelli,pgiacobelliih@miitbeian.gov.cn,Polygender,237.242.238.7
667,Owen,Basindale,obasindaleii@behance.net,Male,24.141.40.122
668,Gwenora,Booley,gbooleyij@theguardian.com,Female,73.70.145.56
669,Hertha,Cutmare,hcutmareik@hostgator.com,Female,208.32.67.71
670,Anthea,Wordesworth,awordesworthil@disqus.com,Female,36.251.16.68
671,King,Moller,kmollerim@ovh.net,Male,88.26.96.149
672,Tailor,Learoyd,tlearoydin@cyberchimps.com,Male,231.185.219.227
673,Nikoletta,Crinkley,ncrinkleyio@nasa.gov,Female,182.213.129.18
674,Eddie,Fosserd,efosserdip@cnn.com,Male,150.129.217.36
675,Corty,Burfield,cburfieldiq@ihg.com,Male,117.28.228.135
676,Edin,Goosey,egooseyir@imgur.com,Female,81.4.244.11
677,Nick,Stebles,nsteblesis@miitbeian.gov.cn,Male,62.127.239.202
678,Lindsay,Vanyukhin,lvanyukhinit@fotki.com,Male,212.39.67.55
679,Claudelle,Pavolillo,cpavolilloiu@surveymonkey.com,Bigender,189.99.211.0
680,Ingamar,Brookbank,ibrookbankiv@cafepress.com,Male,231.157.26.188
681,Dagny,Sleany,dsleanyiw@biglobe.ne.jp,Male,118.246.109.172
682,Tremaine,Casin,tcasinix@ocn.ne.jp,Male,134.56.25.192
683,Tanner,Manning,tmanningiy@ifeng.com,Non-binary,201.178.65.21
684,Hagen,Morrallee,hmorralleeiz@symantec.com,Male,1.107.223.3
685,Noach,Pratt,nprattj0@deliciousdays.com,Male,215.1.221.6
686,Paloma,Lodin,plodinj1@bloglines.com,Genderqueer,90.139.188.36
687,Almeta,Guiness,aguinessj2@mozilla.org,Female,58.203.107.127
688,Joshia,Blampied,jblampiedj3@sfgate.com,Non-binary,18.244.123.248
689,Jean,Sherlock,jsherlockj4@oracle.com,Male,154.64.138.177
690,Binni,Etock,betockj5@ebay.com,Polygender,253.115.68.51
691,Tillie,Eddins,teddinsj6@state.gov,Female,9.48.199.106
692,Ruthie,Stowte,rstowtej7@slashdot.org,Female,123.0.135.151
693,Whit,Dolden,wdoldenj8@house.gov,Male,73.137.169.149
694,Hedi,Deners,hdenersj9@blogspot.com,Female,90.242.168.188
695,Ebonee,Robuchon,erobuchonja@psu.edu,Female,82.81.175.130
696,Mandel,Kidsley,mkidsleyjb@github.com,Male,170.69.67.105
697,Pall,Mougel,pmougeljc@myspace.com,Male,19.35.157.66
698,Fianna,Shiers,fshiersjd@lulu.com,Female,229.210.14.118
699,Marcile,Pepis,mpepisje@comcast.net,Female,51.96.39.89
700,Chane,Biglin,cbiglinjf@1und1.de,Male,14.136.91.103
701,Gare,Waggatt,gwaggattjg@hatena.ne.jp,Male,3.11.186.51
702,Adela,Van Bruggen,avanbruggenjh@yahoo.co.jp,Female,142.49.1.89
703,Rab,Errowe,rerroweji@ucoz.com,Male,64.251.217.97
704,Kania,Ilyunin,kilyuninjj@tinyurl.com,Female,146.224.115.211
705,Letisha,Strodder,lstrodderjk@salon.com,Female,217.80.101.84
706,Miner,Dowe,mdowejl@google.com,Male,134.35.92.186
707,Janaye,de Leon,jdeleonjm@globo.com,Female,198.166.51.81
708,Armando,Mapston,amapstonjn@altervista.org,Male,139.215.218.39
709,Freddie,Robinet,frobinetjo@independent.co.uk,Male,113.1.241.50
710,Ellynn,Devorill,edevorilljp@tripadvisor.com,Female,198.148.48.241
711,Frank,Malham,fmalhamjq@elpais.com,Male,135.174.15.115
712,Gayleen,Baniard,gbaniardjr@latimes.com,Female,195.124.135.118
713,Roxi,Molan,rmolanjs@merriam-webster.com,Female,117.15.191.42
714,Kamila,Lewington,klewingtonjt@phpbb.com,Non-binary,109.226.75.15
715,Dorie,Leyton,dleytonju@wiley.com,Female,126.252.181.214
716,Padraig,Huet,phuetjv@wikimedia.org,Male,31.171.30.29
717,Sharline,Dunniom,sdunniomjw@ucoz.com,Female,66.248.157.218
718,Fiona,Harp,fharpjx@cargocollective.com,Female,102.1.64.148
719,Euphemia,Pigny,epignyjy@rakuten.co.jp,Agender,126.247.189.55
720,Adelbert,Tadlow,atadlowjz@slashdot.org,Bigender,121.217.193.56
721,Kizzee,Van Salzberger,kvansalzbergerk0@sphinn.com,Female,15.50.229.185
722,Kristen,Mathes,kmathesk1@dmoz.org,Female,210.207.99.147
723,Roseanna,Mazzeo,rmazzeok2@themeforest.net,Female,128.75.51.237
724,Greg,Smogur,gsmogurk3@ezinearticles.com,Male,166.181.8.17
725,Julienne,Ornells,jornellsk4@trellian.com,Female,199.223.207.196
726,Ricki,Tutchings,rtutchingsk5@admin.ch,Female,183.112.152.198
727,Morty,Raff,mraffk6@hhs.gov,Male,49.128.80.210
728,Melony,Cuseick,mcuseickk7@dyndns.org,Female,131.4.116.235
729,Elmo,Dunwoody,edunwoodyk8@studiopress.com,Male,253.25.138.96
730,Odetta,Lawlee,olawleek9@amazon.de,Female,206.194.63.70
731,Sheryl,Gittis,sgittiska@php.net,Female,31.137.44.123
732,Ernestine,Klimentov,eklimentovkb@indiegogo.com,Bigender,247.25.213.58
733,Vince,Desmond,vdesmondkc@scribd.com,Male,62.148.166.242
734,Teirtza,Boules,tbouleskd@netscape.com,Female,10.170.252.185
735,Lynett,Skamell,lskamellke@bloglines.com,Female,101.54.3.99
736,Adey,Poveleye,apoveleyekf@i2i.jp,Female,158.247.97.216
737,Blanca,Bellwood,bbellwoodkg@wp.com,Female,29.27.168.69
738,Evangelina,Soares,esoareskh@abc.net.au,Female,214.166.91.17
739,Tremain,Jurek,tjurekki@dion.ne.jp,Genderqueer,147.168.173.135
740,Teddie,Follacaro,tfollacarokj@ameblo.jp,Male,235.97.207.209
741,Vasili,Snelgar,vsnelgarkk@theglobeandmail.com,Male,132.188.107.22
742,Tova,Delamar,tdelamarkl@senate.gov,Female,73.189.225.149
743,Caritta,Astlet,castletkm@nyu.edu,Female,193.143.13.80
744,Archie,Monro,amonrokn@blogs.com,Male,14.224.34.48
745,Gareth,Cornill,gcornillko@umich.edu,Male,190.211.149.93
746,Conroy,Gasking,cgaskingkp@issuu.com,Male,4.121.49.10
747,Heidi,Slym,hslymkq@goodreads.com,Genderqueer,70.160.23.157
748,Claretta,Shadbolt,cshadboltkr@uol.com.br,Female,54.232.55.179
749,Justinian,Coldbath,jcoldbathks@goo.ne.jp,Male,126.88.55.41
750,Alta,Hurcombe,ahurcombekt@japanpost.jp,Female,190.70.92.238
751,Egor,Jansema,ejansemaku@youtu.be,Male,153.122.185.33
752,Darsey,Walling,dwallingkv@jalbum.net,Female,178.186.131.141
753,Betteann,Bratty,bbrattykw@reuters.com,Female,57.98.55.14
754,Daisie,Farlamb,dfarlambkx@skyrock.com,Female,229.133.22.132
755,Annnora,Doniso,adonisoky@bloglovin.com,Female,9.97.56.182
756,Trevor,Clink,tclinkkz@plala.or.jp,Male,105.14.209.67
757,Aggie,Stygall,astygalll0@guardian.co.uk,Female,209.143.46.104
758,Phillida,Arendt,parendtl1@blogger.com,Female,150.225.122.157
759,Ilsa,Hubner,ihubnerl2@newsvine.com,Female,126.189.161.194
760,Teodorico,Scutter,tscutterl3@princeton.edu,Male,139.26.6.199
761,Cori,Dionisetto,cdionisettol4@army.mil,Non-binary,110.80.146.146
762,Caitrin,Swain,cswainl5@princeton.edu,Female,95.203.194.192
763,Byron,Carn,bcarnl6@timesonline.co.uk,Genderqueer,150.30.29.16
764,Rochette,MacNeely,rmacneelyl7@mysql.com,Female,195.4.185.230
765,Putnem,McDowell,pmcdowelll8@oracle.com,Male,151.200.26.154
766,Irena,Vasler,ivaslerl9@flickr.com,Female,184.155.13.222
767,Durante,Hessel,dhessella@eepurl.com,Male,220.254.245.255
768,Sher,Gosnoll,sgosnolllb@e-recht24.de,Female,254.224.251.216
769,Errol,Bosch,eboschlc@google.cn,Male,166.239.223.67
770,Myrle,Orrow,morrowld@dion.ne.jp,Female,140.5.54.211
771,Broderic,Pook,bpookle@wikispaces.com,Male,178.214.236.104
772,Luciano,Kubecka,lkubeckalf@time.com,Male,9.248.85.41
773,Tammie,Gouth,tgouthlg@cnn.com,Male,181.43.167.203
774,Marinna,Seeks,mseekslh@yahoo.com,Female,109.2.141.106
775,Melinde,Chatelet,mchateletli@redcross.org,Female,140.4.102.57
776,Miner,Pluck,mplucklj@yelp.com,Male,173.131.96.195
777,Giulio,Gauden,ggaudenlk@elpais.com,Male,215.42.62.116
778,Alaster,Frossell,afrossellll@redcross.org,Male,34.243.10.192
779,Thedrick,Chatan,tchatanlm@51.la,Genderqueer,63.25.150.184
780,Aleksandr,Roswarn,aroswarnln@tumblr.com,Male,24.252.227.227
781,Berty,Skoughman,bskoughmanlo@posterous.com,Male,228.213.87.255
782,Blanch,Haily,bhailylp@t.co,Non-binary,72.142.5.10
783,Irina,Dirkin,idirkinlq@artisteer.com,Female,193.254.45.107
784,Emile,Joncic,ejonciclr@cam.ac.uk,Male,168.4.201.97
785,Penny,Hiom,phiomls@goo.gl,Male,57.143.30.120
786,Galvin,Pigden,gpigdenlt@hhs.gov,Male,2.155.223.38
787,Nolana,Bernhard,nbernhardlu@usgs.gov,Polygender,215.48.77.182
788,Jervis,Dowden,jdowdenlv@amazon.de,Male,79.68.95.101
789,Marcy,Joselovitch,mjoselovitchlw@surveymonkey.com,Agender,205.193.207.201
790,Thurston,O'Looney,tolooneylx@guardian.co.uk,Male,208.238.44.109
791,Portie,Skone,pskonely@accuweather.com,Male,238.225.45.149
792,Pascale,Peres,ppereslz@shareasale.com,Genderfluid,5.93.144.247
793,Val,Domek,vdomekm0@umn.edu,Male,79.42.31.213
794,Eduino,Cavet,ecavetm1@indiatimes.com,Male,199.73.221.210
795,Trent,Ranscomb,transcombm2@bing.com,Male,93.110.159.78
796,Ethe,Cassella,ecassellam3@xing.com,Male,9.186.231.75
797,Daron,MattiCCI,dmatticcim4@intel.com,Male,206.113.157.66
798,Julio,Kennifick,jkennifickm5@xing.com,Non-binary,95.61.157.52
799,Alejandra,Whitnall,awhitnallm6@webnode.com,Female,154.147.154.7
800,Sandye,Aaron,saaronm7@shinystat.com,Female,10.241.193.187
801,Lewie,Devanny,ldevannym8@yellowbook.com,Male,171.56.122.223
802,Jarib,Hallgath,jhallgathm9@google.com.hk,Male,7.250.72.163
803,Nikaniki,Fawke,nfawkema@prweb.com,Female,204.78.0.101
804,Gwynne,Duffitt,gduffittmb@google.com,Female,222.140.31.196
805,Alleen,Tollady,atolladymc@scientificamerican.com,Female,79.44.145.28
806,Klemens,Kitchenside,kkitchensidemd@hao123.com,Male,85.82.5.202
807,Dominik,Ludlow,dludlowme@walmart.com,Male,5.246.39.179
808,Trefor,Andresser,tandressermf@paypal.com,Genderfluid,241.72.74.186
809,Debora,Ferrone,dferronemg@ameblo.jp,Female,161.238.158.230
810,Clara,Capon,ccaponmh@illinois.edu,Female,74.154.23.129
811,Vasilis,Cahen,vcahenmi@altervista.org,Male,184.105.61.254
812,Allene,Hanlin,ahanlinmj@nhs.uk,Female,244.114.69.70
813,Guthry,Dakhov,gdakhovmk@xinhuanet.com,Male,77.211.255.55
814,Winslow,Freeth,wfreethml@patch.com,Male,225.20.23.209
815,Fayth,Hatchett,fhatchettmm@nsw.gov.au,Female,246.245.29.111
816,Adolphe,Kenner,akennermn@vinaora.com,Male,110.165.65.158
817,Rhona,Sallarie,rsallariemo@craigslist.org,Female,48.110.97.81
818,Frazier,Scurlock,fscurlockmp@europa.eu,Male,89.26.12.124
819,Laverna,Field,lfieldmq@wix.com,Female,206.183.38.150
820,Georgie,Tomich,gtomichmr@eepurl.com,Male,152.155.156.173
821,Rozanne,Minchin,rminchinms@angelfire.com,Female,50.136.162.205
822,Arnoldo,Isakovic,aisakovicmt@prlog.org,Male,70.198.169.215
823,Carlo,Fury,cfurymu@independent.co.uk,Male,22.137.201.140
824,Shena,Braundt,sbraundtmv@ning.com,Female,138.191.2.22
825,Farlie,O'Carroll,focarrollmw@tinypic.com,Male,9.43.180.240
826,Dav,Gingell,dgingellmx@archive.org,Male,242.165.140.151
827,Gal,Stucksbury,gstucksburymy@blogs.com,Male,141.122.223.113
828,Mariel,Buggs,mbuggsmz@blogtalkradio.com,Genderqueer,17.103.59.227
829,Darnell,Garlette,dgarletten0@japanpost.jp,Male,70.201.96.97
830,Lindsay,McGorley,lmcgorleyn1@woothemes.com,Male,14.163.164.194
831,Hewett,Audas,haudasn2@clickbank.net,Male,116.79.91.56
832,Danya,Skitt,dskittn3@usatoday.com,Female,226.224.136.160
833,Chance,Durrett,cdurrettn4@jiathis.com,Male,144.145.172.214
834,Editha,Castilljo,ecastilljon5@unesco.org,Female,192.22.178.108
835,Alaric,Uttley,auttleyn6@dailymail.co.uk,Male,70.138.208.216
836,Nero,Frears,nfrearsn7@icq.com,Male,22.245.162.248
837,Cindelyn,Brammall,cbrammalln8@nps.gov,Female,133.37.153.234
838,Wendy,Marzella,wmarzellan9@technorati.com,Female,1.16.30.251
839,Gerda,Oguz,goguzna@admin.ch,Female,18.36.30.83
840,Jodi,Jerdein,jjerdeinnb@themeforest.net,Female,48.235.92.19
841,Onfroi,Magee,omageenc@ifeng.com,Male,172.240.246.213
842,Hyacinthie,Summerson,hsummersonnd@patch.com,Female,130.162.128.226
843,Lotta,Buckby,lbuckbyne@163.com,Female,236.133.59.94
844,Car,Gentery,cgenterynf@paypal.com,Male,33.89.160.94
845,Rozelle,Wackett,rwackettng@ameblo.jp,Female,145.209.18.56
846,Leonerd,Cassley,lcassleynh@intel.com,Bigender,232.151.141.104
847,Hieronymus,Masson,hmassonni@deliciousdays.com,Male,2.253.158.220
848,Benito,Mein,bmeinnj@wisc.edu,Male,5.218.151.131
849,Ronda,Dougan,rdougannk@yelp.com,Female,216.81.212.2
850,Imojean,Willmett,iwillmettnl@edublogs.org,Female,117.198.25.139
851,My,Warbys,mwarbysnm@spotify.com,Male,128.114.206.5
852,Dolph,Hartfield,dhartfieldnn@imageshack.us,Male,171.198.243.204
853,Sydney,Loyns,sloynsno@mtv.com,Male,195.179.242.245
854,Eddi,Bowle,ebowlenp@epa.gov,Female,6.57.37.56
855,Ede,Deeley,edeeleynq@hud.gov,Female,167.178.213.21
856,Laryssa,Leaman,lleamannr@ycombinator.com,Genderfluid,254.116.193.174
857,Con,Bussons,cbussonsns@yelp.com,Male,66.52.147.183
858,Bernarr,Jankovic,bjankovicnt@chron.com,Male,189.249.109.11
859,Kikelia,Alcott,kalcottnu@exblog.jp,Female,72.246.32.177
860,Virgina,McFadden,vmcfaddennv@gov.uk,Female,144.105.70.89
861,Dory,Otson,dotsonnw@webeden.co.uk,Male,131.94.17.173
862,Benedick,Petters,bpettersnx@hao123.com,Male,62.239.55.51
863,Nigel,Stoaks,nstoaksny@house.gov,Male,199.35.4.53
864,Nathanial,Dobsons,ndobsonsnz@rediff.com,Male,21.70.214.215
865,Frieda,Pembry,fpembryo0@wufoo.com,Female,102.180.105.124
866,Baxter,Syrad,bsyrado1@amazon.co.jp,Male,157.183.239.99
867,Dorolisa,O'Corrane,docorraneo2@home.pl,Female,52.247.179.102
868,Loleta,Ahrend,lahrendo3@ifeng.com,Bigender,255.60.112.245
869,Teressa,Gallie,tgallieo4@ameblo.jp,Female,126.70.99.165
870,Bear,Romer,bromero5@bluehost.com,Male,43.227.205.130
871,Eugenio,Balcon,ebalcono6@t.co,Male,34.84.168.138
872,Mattie,Blint,mblinto7@ustream.tv,Female,107.213.205.56
873,Lev,Rubroe,lrubroeo8@weibo.com,Male,94.22.28.128
874,Arron,Grovier,agroviero9@smh.com.au,Male,132.76.179.107
875,Binny,Crookshanks,bcrookshanksoa@auda.org.au,Female,176.120.189.38
876,Gaspar,Esp,gespob@wsj.com,Male,83.36.193.157
877,Arabelle,Trenear,atrenearoc@topsy.com,Female,135.1.139.254
878,Ambur,Stirrup,astirrupod@parallels.com,Polygender,78.37.134.18
879,Melody,Drivers,mdriversoe@gizmodo.com,Female,145.109.45.101
880,Flem,Rodenborch,frodenborchof@weebly.com,Polygender,170.10.53.126
881,Gerard,Ridgewell,gridgewellog@eventbrite.com,Male,255.181.205.61
882,Amalie,Guiet,aguietoh@wordpress.com,Female,115.245.158.187
883,Agnes,Classen,aclassenoi@auda.org.au,Female,135.194.70.217
884,Yank,MacNeachtain,ymacneachtainoj@seesaa.net,Male,20.132.224.254
885,Cookie,Cocklin,ccocklinok@123-reg.co.uk,Female,252.200.215.11
886,Garrott,De Bell,gdebellol@phpbb.com,Male,93.80.184.57
887,Ceil,Pudden,cpuddenom@themeforest.net,Female,137.108.166.180
888,Gabie,Lamar,glamaron@japanpost.jp,Female,224.158.102.112
889,Shayla,Parren,sparrenoo@baidu.com,Polygender,62.73.147.255
890,Quintilla,McGaugey,qmcgaugeyop@tripod.com,Female,74.59.191.25
891,Kristian,Odeson,kodesonoq@msn.com,Male,204.49.61.193
892,Spense,Montrose,smontroseor@macromedia.com,Male,112.243.28.48
893,Claudian,Leirmonth,cleirmonthos@photobucket.com,Male,215.208.53.131
894,Alanson,Haycox,ahaycoxot@npr.org,Male,211.178.246.182
895,Cicily,Grenfell,cgrenfellou@cnbc.com,Female,24.252.20.186
896,Yovonnda,Bacup,ybacupov@51.la,Female,140.223.254.185
897,Shir,O'Sharkey,sosharkeyow@storify.com,Female,181.106.134.171
898,Ford,Maghull,fmaghullox@e-recht24.de,Male,26.109.14.193
899,Reid,Bineham,rbinehamoy@gravatar.com,Agender,173.84.194.83
900,Jerrilee,Frantzeni,jfrantzenioz@cargocollective.com,Female,66.176.30.245
901,Jermaine,Germann,jgermannp0@columbia.edu,Male,138.236.50.15
902,Jaymee,Brice,jbricep1@51.la,Female,188.95.81.58
903,Gan,Briant,gbriantp2@illinois.edu,Male,176.110.24.1
904,Neville,Capaldo,ncapaldop3@shop-pro.jp,Male,65.152.230.255
905,Cairistiona,Donnellan,cdonnellanp4@ow.ly,Female,245.251.55.182
906,Marisa,Fearns,mfearnsp5@sbwire.com,Female,128.206.118.102
907,Muire,Salt,msaltp6@about.me,Female,218.186.112.201
908,Cyb,Leadbeater,cleadbeaterp7@cnbc.com,Non-binary,54.155.116.60
909,Farley,Hegg,fheggp8@umn.edu,Male,120.56.168.206
910,Joye,Gyles,jgylesp9@google.fr,Female,161.84.142.149
911,Rene,Toffler,rtofflerpa@icq.com,Genderfluid,225.160.164.7
912,Farica,Nealon,fnealonpb@about.com,Agender,70.25.245.205
913,Wenonah,Wyrill,wwyrillpc@umich.edu,Female,197.16.125.147
914,Herculie,Landell,hlandellpd@yolasite.com,Male,134.188.118.245
915,Falito,Origan,foriganpe@rediff.com,Male,133.145.67.254
916,Dorena,Mallam,dmallampf@mit.edu,Female,236.133.170.128
917,Mollie,Thwaite,mthwaitepg@soup.io,Female,81.243.3.154
918,Ax,Challender,achallenderph@bing.com,Male,43.132.149.219
919,Norma,Caccavari,ncaccavaripi@irs.gov,Female,1.33.25.87
920,Northrop,Dawidsohn,ndawidsohnpj@stanford.edu,Male,205.175.101.227
921,Halie,Vignaux,hvignauxpk@google.es,Female,93.89.11.181
922,Mervin,Urrey,murreypl@shinystat.com,Male,96.71.183.177
923,Ted,Grisedale,tgrisedalepm@myspace.com,Female,91.77.180.66
924,Joby,Chung,jchungpn@behance.net,Female,164.246.221.169
925,Worth,Bonin,wboninpo@fda.gov,Male,219.152.211.59
926,Madelena,Roft,mroftpp@aol.com,Female,20.111.133.59
927,Archibald,Atterley,aatterleypq@earthlink.net,Male,105.38.166.90
928,Valencia,Zanitti,vzanittipr@go.com,Female,228.185.224.115
929,Marrilee,Priestnall,mpriestnallps@smh.com.au,Female,8.152.206.243
930,Lily,Grichukhanov,lgrichukhanovpt@va.gov,Female,136.27.94.238
931,Babbie,Ogilby,bogilbypu@blog.com,Female,65.186.225.183
932,Andrey,Hews,ahewspv@odnoklassniki.ru,Male,30.33.86.110
933,Benji,Carolan,bcarolanpw@slashdot.org,Male,119.33.74.145
934,Bamby,Benedidick,bbenedidickpx@ebay.co.uk,Agender,125.139.237.159
935,Bourke,Tellett,btellettpy@constantcontact.com,Male,237.157.52.162
936,Kelsi,Becerra,kbecerrapz@nba.com,Female,122.227.201.87
937,Jorgan,Scamerden,jscamerdenq0@cargocollective.com,Genderfluid,144.54.141.104
938,Trula,Stilldale,tstilldaleq1@indiegogo.com,Female,224.69.66.110
939,Arie,Yoakley,ayoakleyq2@acquirethisname.com,Genderqueer,50.49.103.151
940,Agna,Tregenza,atregenzaq3@hubpages.com,Agender,50.217.82.98
941,Arlyne,Elcum,aelcumq4@imgur.com,Female,212.208.220.214
942,Cirilo,Tambling,ctamblingq5@exblog.jp,Male,127.226.35.182
943,Ailey,Wilkes,awilkesq6@usatoday.com,Female,28.15.61.211
944,Shermie,Coppeard,scoppeardq7@nationalgeographic.com,Agender,14.37.63.22
945,Alford,Pickle,apickleq8@microsoft.com,Male,70.225.53.46
946,Lucien,Ambrosoni,lambrosoniq9@sciencedirect.com,Male,145.239.189.153
947,Nanni,Sampey,nsampeyqa@nbcnews.com,Female,59.94.213.217
948,Jordan,Bairnsfather,jbairnsfatherqb@cbslocal.com,Non-binary,202.176.251.222
949,Ferguson,Ferrario,fferrarioqc@vkontakte.ru,Male,184.57.244.242
950,Luciana,Mowat,lmowatqd@cocolog-nifty.com,Female,223.26.138.156
951,Janenna,Drivers,jdriversqe@yellowbook.com,Non-binary,37.218.35.211
952,Lisette,Parnaby,lparnabyqf@statcounter.com,Female,125.14.136.116
953,Miller,Izhaky,mizhakyqg@51.la,Male,73.65.62.61
954,Freddy,Rosenfrucht,frosenfruchtqh@fotki.com,Male,27.129.206.29
955,Avram,Mitchelhill,amitchelhillqi@tinypic.com,Male,19.182.185.89
956,Cthrine,Crank,ccrankqj@bizjournals.com,Genderqueer,33.240.244.120
957,Darill,Keniwell,dkeniwellqk@gravatar.com,Male,180.118.225.75
958,Lowell,Leggett,lleggettql@phpbb.com,Male,215.236.164.91
959,Pollyanna,Stopforth,pstopforthqm@twitter.com,Female,134.18.188.44
960,Blanca,Gotliffe,bgotliffeqn@google.com.hk,Female,155.249.30.210
961,Laurel,Norkutt,lnorkuttqo@fastcompany.com,Female,55.161.89.99
962,Sayer,Leinthall,sleinthallqp@mac.com,Male,230.233.194.192
963,Web,Langlais,wlanglaisqq@skyrock.com,Male,67.148.21.3
964,Farlie,Middlemist,fmiddlemistqr@geocities.com,Genderqueer,148.234.45.7
965,Bogart,Stones,bstonesqs@ustream.tv,Male,209.141.170.208
966,Abe,Couve,acouveqt@ted.com,Male,113.120.149.48
967,Elyse,Willingham,ewillinghamqu@ucoz.com,Female,37.134.102.49
968,Minette,Fetterplace,mfetterplaceqv@github.io,Female,28.156.32.206
969,Thorn,McGenis,tmcgenisqw@feedburner.com,Male,74.144.180.170
970,Fern,Folbige,ffolbigeqx@jigsy.com,Female,178.56.152.205
971,Lulita,Smails,lsmailsqy@eepurl.com,Female,40.176.95.25
972,Jeffie,Battison,jbattisonqz@dyndns.org,Male,238.195.22.152
973,Hermie,McTurk,hmcturkr0@gnu.org,Male,218.112.92.202
974,Marten,Yosifov,myosifovr1@stumbleupon.com,Male,107.194.138.56
975,Janis,Aris,jarisr2@miitbeian.gov.cn,Female,64.202.123.156
976,Zackariah,Serjent,zserjentr3@reddit.com,Male,7.143.252.221
977,Geordie,Bordes,gbordesr4@goodreads.com,Male,211.13.171.243
978,Marlee,Tradewell,mtradewellr5@addtoany.com,Female,125.73.32.239
979,Francis,Haighton,fhaightonr6@washington.edu,Male,196.159.113.180
980,Vale,Whitelaw,vwhitelawr7@ted.com,Male,199.165.32.128
981,Kienan,Blayney,kblayneyr8@spotify.com,Male,100.248.121.142
982,Gibbie,Legh,gleghr9@privacy.gov.au,Male,106.212.107.18
983,Stuart,Bedinham,sbedinhamra@spotify.com,Non-binary,233.149.219.253
984,Ray,Shotboulte,rshotboulterb@vinaora.com,Male,215.209.94.42
985,Leon,Hawler,lhawlerrc@pcworld.com,Male,34.212.72.47
986,Lynnell,Trevain,ltrevainrd@bing.com,Female,241.250.95.156
987,Shaylah,Staggs,sstaggsre@parallels.com,Female,141.80.37.147
988,Bond,Seagrove,bseagroverf@reuters.com,Male,226.122.253.249
989,Klemens,Cruess,kcruessrg@google.cn,Male,198.130.220.126
990,Brandyn,Petrulis,bpetrulisrh@cyberchimps.com,Male,240.142.160.121
991,Yoshi,Levane,ylevaneri@tiny.cc,Female,115.72.102.119
992,Christophe,Hargrove,chargroverj@seattletimes.com,Male,12.202.70.102
993,Anabelle,Robberecht,arobberechtrk@barnesandnoble.com,Female,128.203.89.223
994,Olivier,O'Lenane,oolenanerl@tinyurl.com,Male,87.227.195.184
995,Rena,Gietz,rgietzrm@odnoklassniki.ru,Female,142.135.193.64
996,Frayda,Jacmar,fjacmarrn@reuters.com,Female,40.55.241.226
997,Guendolen,Torbard,gtorbardro@storify.com,Female,107.217.169.33
998,Mariann,Dwane,mdwanerp@geocities.com,Female,144.42.94.17
999,Jamill,Gummer,jgummerrq@apple.com,Male,151.154.4.148
1000,Melamie,Povall,mpovallrr@accuweather.com,Female,105.206.7.71
